Year,Month,DayofMonth,DayOfWeek,DepTime,CRSDepTime,ArrTime,CRSArrTime,UniqueCarrier,FlightNum,TailNum,ActualElapsedTime,CRSElapsedTime,AirTime,ArrDelay,DepDelay,Origin,Dest,Distance,TaxiIn,TaxiOut,Cancelled,CancellationCode,Diverted
1996,1,18,4,2117,2120,2305,2259,HP,415,N637AW,108,99,85,6,-3,COS,PHX,551,5,18,0,,0
1996,1,12,5,1252,1245,1511,1500,HP,610,N905AW,79,75,58,11,7,LAX,PHX,370,3,18,0,,0
1996,1,16,2,1441,1445,1708,1721,HP,211,N165AW,87,96,74,-13,-4,RNO,PHX,601,4,9,0,,0
1996,1,1,1,2258,2300,2336,2335,HP,1245,N183AW,38,35,20,1,-2,TUS,PHX,110,6,12,0,,0
1996,1,4,4,1814,1814,1901,1910,US,683,N963VJ,47,56,34,-9,0,DTW,PIT,201,6,7,0,,0
1996,1,31,3,1822,1820,1934,1925,US,757,N912VJ,72,65,52,9,2,PHL,PIT,267,6,14,0,,0
1996,1,18,4,729,730,841,843,US,1564,N941VJ,72,73,58,-2,-1,DCA,PVD,357,3,11,0,,0
1996,1,26,5,1704,1705,1829,1839,NW,1538,N960N,85,94,69,-10,-1,DTW,RIC,456,3,13,0,,0
1996,1,11,4,1858,1850,1959,1956,US,2225,N351US,61,66,48,3,8,PHL,ROC,257,2,11,0,,0
1996,1,7,7,2100,2100,2215,2220,WN,174,N677,75,80,65,-5,0,OAK,SAN,446,3,7,0,,0
1996,1,16,2,1715,1715,1805,1810,WN,167,N20,50,55,41,-5,0,DAL,SAT,248,2,7,0,,0
1996,1,30,2,1205,1210,1312,1322,CO,1127,N10236,67,72,52,-10,-5,CLE,SDF,304,4,11,0,,0
1996,1,8,1,1232,1232,1520,1517,AS,62,N755AS,108,105,94,3,0,KTN,SEA,680,5,9,0,,0
1996,1,30,2,1558,1600,1744,1757,UA,2410,N310UA,106,117,92,-13,-2,SFO,SEA,679,3,11,0,,0
1996,1,14,7,2331,2325,616,605,UA,132,N4714U,285,280,263,11,6,HNL,SFO,2398,5,17,0,,0
1996,1,7,7,1513,0,1738,0,AA,83,N339AA,265,268,246,10,13,ORD,SFO,1846,2,17,0,,0
1996,1,27,6,711,710,814,802,UA,1053,N360UA,123,112,100,12,1,SLC,SFO,599,6,17,0,,0
1996,1,12,5,635,635,846,840,WN,648,N357,131,125,113,6,0,SEA,SJC,697,2,16,0,,0
1996,1,29,1,1544,0,1732,0,AA,1267,N822AA,168,158,148,12,2,DFW,SLC,988,5,15,0,,0
1996,1,12,5,1308,1300,1539,1530,DL,1908,N302WA,91,90,74,9,8,PSP,SLC,541,7,10,0,,0
1996,1,16,2,1207,1207,1355,1346,AS,84,N760AS,108,99,92,9,0,SEA,SMF,605,5,11,0,,0
1996,1,2,2,914,840,1105,1005,DL,1537,N620DL,111,85,67,60,34,ATL,SRQ,445,3,41,0,,0
1996,1,11,4,1121,0,1326,0,AA,426,N2CFAA,125,102,94,64,41,DFW,STL,551,6,25,0,,0
1996,1,10,3,1629,1625,1743,1735,WN,492,N20,74,70,61,8,4,LIT,STL,296,2,11,0,,0
1996,1,1,1,1240,1220,1345,1335,TW,675,N928L,65,75,48,10,20,ORD,STL,258,7,10,0,,0
1996,1,24,3,2149,2150,2241,2247,NW,1241,N965N,52,57,40,-6,-1,MSP,SUX,234,4,8,0,,0
1996,1,20,6,910,900,1102,1041,CO,1069,N44214,112,101,88,21,10,GSO,TPA,580,3,21,0,,0
1996,1,3,3,1436,0,1552,0,AA,1997,N427AA,136,140,114,16,20,DFW,TUS,813,5,17,0,,0
1996,1,29,1,1825,1825,1943,1945,WN,230,N667,78,80,60,-2,0,SMF,LAX,373,7,11,0,,0
1996,1,15,1,1242,1230,1332,1321,DL,1752,N413DA,50,51,35,11,12,DCA,LGA,214,4,11,0,,0
1996,1,2,2,1152,1100,1434,1355,UA,688,N422UA,102,115,87,39,52,ORD,LGA,733,5,10,0,,0
1996,1,16,2,,2000,,2125,CO,1071,UNKNOW,,85,,,,IAH,MAF,429,0,0,1,,0
1996,1,10,3,1528,1440,2058,2000,US,411,N391US,210,200,191,58,48,SFO,MCI,1499,6,13,0,,0
1996,1,1,1,1103,1105,1333,1313,US,2002,N288AU,150,128,132,20,-2,IAD,MCO,758,9,9,0,,0
1996,1,10,3,1515,1520,1533,1530,CO,1507,N14209,78,70,55,3,-5,CLE,MDW,307,8,15,0,,0
1996,1,11,4,701,700,755,757,NW,854,N949N,54,57,42,-2,1,B,MEM,200,3,9,0,,0
1996,1,17,3,1154,1155,1254,1302,CO,1675,N16617,60,67,47,-8,-1,IAH,MFE,316,3,10,0,,0
1996,1,2,2,2107,1625,132,1928,TW,189,N54353,265,183,173,364,282,JFK,MIA,1090,7,85,0,,0
1996,1,28,7,1213,1210,1330,1335,DL,929,N959DL,77,85,58,-5,3,ATL,MLB,443,5,14,0,,0
1996,1,5,5,842,835,1121,1125,UA,204,N994UA,99,110,86,-4,7,DEN,MSP,680,3,10,0,,0
1996,1,3,3,1452,1455,1608,1614,NW,557,N293US,76,79,60,-6,-3,MDW,MSP,349,4,12,0,,0
1996,1,10,3,1521,1525,2051,2048,NW,156,N514US,210,203,194,3,-4,SEA,MSP,1399,4,12,0,,0
1996,1,11,4,2309,2310,6,6,CO,1916,N14308,57,56,43,0,-1,IAH,MSY,305,5,9,0,,0
1996,1,20,6,1156,1145,1306,1255,WN,517,N327,70,70,62,11,11,ONT,OAK,361,2,6,0,,0
1996,1,28,7,,1415,,1542,NW,795,N925US,,87,,,,MEM,OKC,432,0,0,1,,0
1996,1,23,2,1850,1850,1855,1855,WN,394,N528,65,65,56,0,0,PHX,ONT,325,1,8,0,,0
1996,1,4,4,,0,,0,AA,1581,UNKNOW,,,,,,BOS,ORD,867,0,0,1,,0
1996,1,8,1,1045,1040,1349,1358,UA,756,N1815U,124,138,105,-9,5,DEN,ORD,888,4,15,0,,0
1996,1,28,7,2107,2110,2318,2327,CO,162,N73385,131,137,114,-9,-3,IAH,ORD,925,7,10,0,,0
1996,1,15,1,1911,1905,2047,2045,UA,1259,N7269U,156,160,139,2,6,MCO,ORD,1005,5,12,0,,0
1996,1,7,7,,1320,,1433,UA,773,UNKNOW,,133,,,,PHL,ORD,678,0,0,1,,0
1996,1,5,5,916,915,1513,1512,UA,678,N7445U,237,237,213,1,1,SJC,ORD,1829,7,17,0,,0
1996,1,11,4,1737,1733,1915,1915,DL,1819,N111DN,98,102,76,0,4,ATL,PBI,545,4,18,0,,0
1996,1,23,2,1555,1555,1734,1725,WN,1705,N358,99,90,86,9,0,OAK,PDX,543,3,10,0,,0
1996,1,28,7,2149,2145,2310,2312,US,489,N617AU,81,87,61,-2,4,CLT,PHL,448,8,12,0,,0
1996,1,11,4,835,830,1516,1452,US,164,N516AU,281,262,260,24,5,PHX,PHL,2075,3,18,0,,0
1996,1,28,7,1152,1150,1308,1300,DL,161,N912DL,136,130,118,8,2,ATL,DFW,732,5,13,0,,0
1996,1,10,3,856,0,1147,0,AA,1472,N455AA,111,126,84,-14,1,DEN,DFW,641,10,17,0,,0
1996,1,29,1,1750,0,2206,0,AA,884,N470AA,136,150,121,-14,0,LAS,DFW,1055,6,9,0,,0
1996,1,6,6,831,0,1002,0,AA,1593,N407AA,91,98,73,-9,-2,MSY,DFW,448,9,9,0,,0
1996,1,31,3,850,0,1334,0,AA,2002,N446AA,164,175,136,-11,0,SAN,DFW,1171,15,13,0,,0
1996,1,19,5,250,0,534,0,AA,2361,N460AA,104,111,91,-12,-5,TUS,DFW,813,4,9,0,,0
1996,1,5,5,1535,1530,2006,2006,UA,328,N537UA,151,156,129,0,5,DEN,DTW,1123,6,16,0,,0
1996,1,11,4,2034,1935,2240,2140,NW,1410,N89S,66,65,38,60,59,MDW,DTW,229,17,11,0,,0
1996,1,1,1,2019,2020,2143,2143,NW,1501,N8957E,84,83,62,0,-1,ROC,DTW,296,5,17,0,,0
1996,1,31,3,1542,1544,1643,1648,HP,428,N141AW,61,64,50,-5,-2,PHX,ELP,347,3,8,0,,0
1996,1,28,7,809,0,1209,0,AA,1058,N274AA,180,201,158,-19,2,DFW,EWR,1372,7,15,0,,0
1996,1,9,2,1750,1730,2117,2031,UA,658,N7260U,147,121,122,46,20,ORD,EWR,719,6,19,0,,0
1996,1,15,1,1529,1515,2110,2102,UA,1590,N332UA,221,227,198,8,14,DEN,FLL,1703,3,20,0,,0
1996,1,15,1,1716,1710,1815,1815,DL,1961,N326DL,59,65,46,0,6,ATL,GNV,300,3,10,0,,0
1996,1,31,3,1830,1830,2013,2010,US,835,N973VJ,103,100,89,3,0,PHL,GSP,514,5,9,0,,0
1996,1,22,1,1515,1515,1608,1610,WN,42,N53,53,55,43,-2,0,HRL,HOU,276,4,6,0,,0
1996,1,27,6,1334,1333,1523,1530,DL,1232,N989DL,109,117,66,-7,1,ATL,IAD,533,5,38,0,,0
1996,1,30,2,1147,1150,1336,1348,CO,1101,N12514,109,118,95,-12,-3,B,IAH,657,4,10,0,,0
1996,1,6,6,130,125,627,623,CO,1856,N15820,177,178,159,4,5,LAX,IAH,1379,4,14,0,,0
1996,1,29,1,1845,1805,2009,1925,CO,1767,N12327,144,140,124,44,40,SDF,IAH,788,6,14,0,,0
1996,1,26,5,1315,1315,1556,1551,NW,1266,N728RW,101,96,73,5,0,MSP,IND,503,7,21,0,,0
1996,1,29,1,1309,1305,1745,1725,DL,1980,N171DN,216,200,164,20,4,DFW,JFK,1391,25,27,0,,0
1996,1,22,1,2211,2215,2329,2328,HP,739,N901AW,258,253,246,1,-4,ATL,LAS,1747,3,9,0,,0
1996,1,2,2,931,925,1014,1046,NW,719,N533US,163,201,148,-32,6,MSP,LAS,1300,4,11,0,,0
1996,1,27,6,2109,2100,2218,2219,UA,2196,N942UA,69,79,53,-1,9,SFO,LAS,414,4,12,0,,0
1996,1,26,5,1100,1100,1406,1355,CO,239,N57111,366,355,340,11,0,EWR,LAX,2454,7,19,0,,0
1996,1,17,3,2127,2005,2325,2208,NW,309,N635US,238,243,200,77,82,MSP,LAX,1536,7,31,0,,0
1996,1,9,2,1330,1330,1345,1350,WN,1042,N333,75,80,59,-5,0,PHX,LAX,370,5,11,0,,0
1996,1,19,5,1605,1605,1710,1705,WN,970,N337,125,120,115,5,0,HOU,ABQ,759,2,8,0,,0
1996,1,4,4,1155,1155,1251,1252,AS,144,N745AS,56,57,40,-1,0,FAI,ANC,261,4,12,0,,0
1996,1,29,1,600,600,751,740,DL,1419,N918DE,111,100,96,11,0,CLE,ATL,554,7,8,0,,0
1996,1,10,3,732,645,932,904,DL,1643,N126DL,120,139,99,28,47,EWR,ATL,745,7,14,0,,0
1996,1,18,4,1459,1005,1927,1249,DL,471,N998DL,208,104,132,398,294,MCI,ATL,692,8,68,0,,0
1996,1,30,2,1248,1245,1436,1421,DL,499,N406DA,108,96,90,15,3,PBI,ATL,545,6,12,0,,0
1996,1,23,2,1442,1440,1631,1607,DL,1854,N613DL,109,87,92,24,2,SRQ,ATL,445,6,11,0,,0
1996,1,13,6,1503,0,1743,0,AA,1185,N2AJAA,160,164,134,-6,-2,ORD,AUS,978,10,16,0,,0
1996,1,30,2,1351,1336,1341,1325,DL,1817,N675DL,50,49,34,16,15,ATL,BHM,134,3,13,0,,0
1996,1,20,6,1730,1730,1844,1900,WN,336,N303,74,90,63,-16,0,MCI,B,491,5,6,0,,0
1996,1,29,1,1629,1630,1755,1756,US,1132,N896US,86,86,59,-1,-1,DCA,BOS,399,11,16,0,,0
1996,1,10,3,2028,0,2353,0,AA,1198,N5BVAA,145,131,120,192,178,ORD,BOS,867,6,19,0,,0
1996,1,31,3,2024,2020,2136,2134,US,838,N279AU,72,74,54,2,4,LGA,BUF,292,2,16,0,,0
1996,1,19,5,1511,1500,1648,1630,US,470,N226US,97,90,78,18,11,BOS,BWI,370,6,13,0,,0
1996,1,12,5,2311,2315,709,737,US,46,N510AU,298,322,282,-28,-4,SFO,BWI,2457,6,10,0,,0
1996,1,27,6,1901,1855,2005,1950,DL,1078,N908DL,64,55,42,15,6,CVG,CLE,221,6,16,0,,0
1996,1,23,2,1517,1517,1747,1750,TW,556,N54349,90,93,66,-3,0,STL,CLE,487,5,19,0,,0
1996,1,20,6,1111,1110,1312,1302,US,2250,N376US,121,112,95,10,1,EWR,CLT,529,3,23,0,,0
1996,1,11,4,1358,1350,1501,1458,US,2474,N929VJ,63,68,52,3,8,ORF,CLT,290,4,7,0,,0
1996,1,9,2,1857,1755,2010,1912,US,927,N927VJ,73,77,55,58,62,DCA,CMH,322,4,14,0,,0
1996,1,17,3,952,955,1055,1050,CO,1771,N15525,63,55,40,5,-3,IAH,CRP,201,5,18,0,,0
1996,1,6,6,809,730,1038,1009,DL,1124,N917DE,149,159,125,29,39,MIA,CVG,948,4,20,0,,0
1996,1,27,6,1055,1055,1321,1325,WN,296,N693,86,90,75,-4,0,ABQ,DAL,580,2,9,0,,0
1996,1,3,3,2145,2055,2312,2217,DL,1620,N990DL,87,82,63,55,50,ATL,DAY,432,10,14,0,,0
1996,1,16,2,1700,1700,1830,1814,CO,321,N17773,90,74,45,16,0,EWR,DCA,199,8,37,0,,0
1996,1,25,4,1023,1010,1309,1312,TW,484,N9307R,106,122,89,-3,13,STL,DCA,719,2,15,0,,0
1996,1,20,6,1133,1130,1310,1253,CO,1806,N16895,157,143,123,17,3,IAH,DEN,861,6,28,0,,0
1996,1,29,1,1819,1820,2006,2002,HP,491,N186AW,107,102,85,4,-1,PHX,DEN,602,1,21,0,,0
1996,2,26,1,,2000,,2111,HP,2636,N126AW,,71,,,,ELP,PHX,347,0,0,1,,0
1996,2,19,1,919,920,1205,1134,NW,101,N533US,226,194,197,31,-1,MSP,PHX,1276,2,27,0,,0
1996,2,27,2,1109,1110,1355,1353,HP,1288,N305AW,106,103,91,2,-1,SJC,PHX,621,5,10,0,,0
1996,2,17,6,1903,1842,1943,1925,US,1457,N931VJ,40,43,29,18,21,CLE,PIT,105,6,5,0,,0
1996,2,23,5,1043,1040,1319,1327,US,946,N881US,96,107,85,-8,3,MEM,PIT,652,5,6,0,,0
1996,2,17,6,2057,2105,2151,2155,DL,1522,N909DA,54,50,30,-4,-8,MSY,PNS,186,4,20,0,,0
1996,2,20,2,1020,1005,1315,1255,TW,582,N921L,115,110,93,20,15,STL,RDU,667,4,18,0,,0
1996,2,11,7,2044,2030,2149,2140,NW,1500,N3312L,65,70,47,9,14,DTW,ROC,296,4,14,0,,0
1996,2,2,5,2148,2000,2242,2055,WN,1111,N326,54,55,43,107,108,LAS,SAN,258,2,9,0,,0
1996,2,13,2,747,740,835,835,WN,153,N512,48,55,39,0,7,DAL,SAT,248,2,7,0,,0
1996,2,8,4,1253,1255,1336,1329,DL,703,N303DL,43,34,22,7,-2,CVG,SDF,83,4,17,0,,0
1996,2,5,1,2130,2058,10,2328,AS,277,N976AS,160,150,140,42,32,LAX,SEA,954,5,15,0,,0
1996,2,16,5,645,645,824,830,AS,409,N760AS,99,105,84,-6,0,SMF,SEA,605,5,10,0,,0
1996,2,22,4,1456,1445,1834,1755,UA,901,N601UA,398,370,350,39,11,JFK,SFO,2586,5,43,0,,0
1996,2,4,7,1125,935,1238,1043,HP,604,N149AW,133,128,120,115,110,PHX,SFO,651,4,9,0,,0
1996,2,28,3,1454,1440,1630,1616,UA,1499,N339UA,156,156,142,14,14,DEN,SJC,948,4,10,0,,0
1996,2,17,6,803,700,1120,1022,AA,476,N5BVAA,137,142,113,58,63,MIA,SJU,1045,3,21,0,,0
1996,2,12,1,911,910,1046,1043,DL,1893,N907DA,155,153,137,3,1,MCI,SLC,919,7,11,0,,0
1996,2,1,4,2119,1955,2242,2117,UA,1663,N7292U,143,142,128,85,84,DEN,SMF,910,4,11,0,,0
1996,2,22,4,858,900,1134,1117,AA,1689,N5CYAA,276,257,255,17,-2,ORD,S,1726,4,17,0,,0
1996,2,29,4,1959,1950,2054,2045,US,659,N968VJ,115,115,102,9,9,CLT,STL,575,3,10,0,,0
1996,2,22,4,,800,,931,TW,46,UNKNOW,,91,,,,JAN,STL,444,0,0,1,,0
1996,2,29,4,950,950,1100,1110,WN,528,N96,70,80,60,-10,0,OKC,STL,462,3,7,0,,0
1996,2,15,4,1059,1100,1222,1217,TW,72,N54338,83,77,65,5,-1,TUL,STL,351,5,13,0,,0
1996,2,2,5,1230,1225,,1515,CO,437,N16883,,170,,,5,EWR,TPA,998,0,30,0,,1
1996,2,14,3,2130,2035,2313,2236,DL,1297,N477DA,223,241,207,37,55,CVG,TUS,1548,6,10,0,,0
1996,2,19,1,731,730,756,753,DL,1975,N283WA,85,83,74,3,1,TUS,LAX,451,5,6,0,,0
1996,2,3,6,1708,1615,2116,2027,AA,738,N215AA,188,192,150,49,53,DFW,LGA,1389,15,23,0,,0
1996,2,27,2,718,720,822,830,US,271,N864US,64,70,51,-8,-2,RIC,LGA,292,4,9,0,,0
1996,2,7,3,1546,1515,1807,1740,UA,704,N7265U,81,85,66,27,31,DEN,MCI,533,2,13,0,,0
1996,2,23,5,1858,1850,2151,2150,DL,1665,N948DL,173,180,151,1,8,BOS,MCO,1121,5,17,0,,0
1996,2,9,5,829,825,1041,1054,US,1043,N812US,132,149,119,-13,4,PHL,MCO,861,4,9,0,,0
1996,2,8,4,1651,1640,1824,1808,NW,737,N677MC,93,88,61,16,11,MSP,MDW,349,5,27,0,,0
1996,2,7,3,1432,1435,1614,1633,NW,676,N986US,102,118,88,-19,-3,MSP,MEM,700,5,9,0,,0
1996,2,24,6,1054,1045,1425,1420,AA,1614,N722AA,151,155,127,5,9,DFW,MIA,1121,8,16,0,,0
1996,2,13,2,1517,1520,1523,1528,NW,371,N324US,66,68,43,-5,-3,DTW,MKE,238,5,18,0,,0
1996,2,10,6,657,700,751,758,NW,707,N202US,114,118,98,-7,-3,CMH,MSP,627,7,9,0,,0
1996,2,25,7,1912,1825,2141,2029,NW,515,N322US,209,184,163,72,47,LGA,MSP,1020,6,40,0,,0
1996,2,29,4,1301,1305,1349,1340,NW,1820,N942N,48,35,32,9,-4,RST,MSP,76,7,9,0,,0
1996,2,16,5,1055,1100,1157,1200,CO,1908,N33506,62,60,43,-3,-5,IAH,MSY,305,4,15,0,,0
1996,2,18,7,2100,2100,2219,2205,WN,1432,N319,79,65,65,14,0,ONT,OAK,361,2,12,0,,0
1996,2,2,5,1403,1400,1542,1543,TW,337,N405EA,99,103,78,-1,3,STL,OKC,462,4,17,0,,0
1996,2,6,2,1749,1539,1854,1652,UA,2321,N321UA,65,73,53,122,130,SFO,ONT,363,2,10,0,,0
1996,2,7,3,2022,2025,2122,2126,UA,241,N582UA,120,121,104,-4,-3,BWI,ORD,622,5,11,0,,0
1996,2,26,1,700,700,718,710,NW,161,N784NC,78,70,49,8,0,DTW,ORD,235,4,25,0,,0
1996,2,16,5,650,635,1302,1231,AA,1492,N565AA,252,236,221,31,15,LAX,ORD,1745,7,24,0,,0
1996,2,7,3,1401,1400,1507,1514,NW,134,N517US,66,74,48,-7,1,MSP,ORD,334,5,13,0,,0
1996,2,27,2,1422,1355,1455,1434,UA,1847,N7455U,93,99,81,21,27,ROC,ORD,528,3,9,0,,0
1996,2,4,7,1424,1344,1542,1515,DL,638,N996DL,78,91,62,27,40,ATL,ORF,516,5,11,0,,0
1996,2,16,5,2202,2154,2356,2359,AA,1051,N540AA,234,245,222,-3,8,DFW,PDX,1616,3,9,0,,0
1996,2,25,7,1839,1830,2019,2034,US,694,N934VJ,100,124,90,-15,9,ATL,PHL,665,2,8,0,,0
1996,2,3,6,1544,1355,1815,1640,US,2720,N523AU,151,165,128,95,109,MIA,PHL,1013,7,16,0,,0
1996,2,4,7,938,930,1049,1100,UA,1821,N387UA,131,150,114,-11,8,STL,DEN,770,7,10,0,,0
1996,2,14,3,1520,1520,1751,1801,DL,1687,N937DL,91,101,73,-10,0,COS,DFW,592,9,9,0,,0
1996,2,11,7,558,600,652,700,DL,859,N977DL,54,60,39,-8,-2,IAH,DFW,224,4,11,0,,0
1996,2,8,4,1133,1115,1355,1344,NW,411,N676MC,142,149,114,11,18,MSP,DFW,852,5,23,0,,0
1996,2,8,4,1359,1325,1848,1810,DL,1028,N902DA,169,165,153,38,34,SAN,DFW,1171,6,10,0,,0
1996,2,7,3,1235,1235,1527,1507,UA,1828,N947UA,112,92,75,20,0,DEN,DSM,589,5,32,0,,0
1996,2,26,1,658,700,855,854,CO,1459,N14239,117,114,86,1,-2,EWR,DTW,487,10,21,0,,0
1996,2,20,2,803,800,1108,1109,NW,992,N336NW,185,189,169,-1,3,MIA,DTW,1145,5,11,0,,0
1996,2,22,4,1847,1830,2114,2110,TW,280,N54350,87,100,62,4,17,STL,DTW,440,13,12,0,,0
1996,2,1,4,,2120,,2327,DL,542,N607DL,,127,,,,ATL,EWR,745,0,0,1,,0
1996,2,3,6,2354,2355,725,730,CO,1642,N58101,271,275,250,-5,-1,LAS,EWR,2227,7,14,0,,0
1996,2,4,7,1546,1515,1924,1842,TW,32,N950U,158,147,135,42,31,STL,EWR,872,11,12,0,,0
1996,2,23,5,1135,1120,1229,1215,WN,319,N379,54,55,37,14,15,TPA,FLL,197,3,14,0,,0
1996,2,13,2,1244,1245,1409,1418,CO,1135,N17317,85,93,65,-9,-1,EWR,GSO,446,4,16,0,,0
1996,2,27,2,1835,1835,2038,2035,WN,1535,N86,123,120,113,3,0,B,HOU,670,5,5,0,,0
1996,2,5,1,1703,1705,2001,2011,UA,1482,N912UA,118,126,93,-10,-2,ORD,HPN,738,3,22,0,,0
1996,2,15,4,1340,1340,1634,1630,CO,1669,N59630,114,110,93,4,0,ABQ,IAH,744,6,15,0,,0
1996,2,10,6,711,710,853,855,CO,1857,N33608,162,165,147,-2,1,FLL,IAH,965,6,9,0,,0
1996,2,10,6,713,715,1208,1210,CO,178,N10801,175,175,159,-2,-2,SAN,IAH,1303,4,12,0,,0
1996,2,8,4,2116,1955,2339,2209,NW,945,N9338,83,74,61,90,81,MEM,IND,381,6,16,0,,0
1996,2,12,1,1404,1355,1554,1536,TW,766,N52311,110,101,78,18,9,DTW,JFK,508,4,28,0,,0
1996,2,11,7,1512,1450,1603,1545,WN,610,N366,51,55,38,18,22,BUR,LAS,223,4,9,0,,0
1996,2,3,6,1600,1600,1646,1650,WN,852,N696,46,50,36,-4,0,ONT,LAS,197,2,8,0,,0
1996,2,16,5,1340,1330,1442,1445,WN,1643,N513,62,75,55,-3,10,SMF,LAS,397,2,5,0,,0
1996,2,13,2,1846,1845,2048,2025,CO,738,N18835,242,220,204,23,1,IAH,LAX,1379,15,23,0,,0
1996,2,27,2,1704,1700,1842,1810,WN,1718,N615,98,70,81,32,4,OAK,LAX,337,7,10,0,,0
1996,2,18,7,800,800,916,913,DL,1031,N401DA,76,73,50,3,0,SFO,LAX,337,5,21,0,,0
1996,2,20,2,930,930,1028,1030,WN,801,N310,58,60,40,-2,0,PHX,ABQ,328,3,15,0,,0
1996,2,17,6,924,925,1229,1220,DL,662,N499DA,125,115,98,9,-1,AUS,ATL,813,16,11,0,,0
1996,2,2,5,1413,1255,1909,1735,DL,1108,N606DL,176,160,159,94,78,DEN,ATL,1199,8,9,0,,0
1996,2,2,5,823,800,1125,1057,DL,652,N321DL,122,117,102,28,23,ICT,ATL,781,7,13,0,,0
1996,2,21,3,1223,1115,1528,1431,DL,1249,N905DL,125,136,111,57,68,MSP,ATL,906,3,11,0,,0
1996,2,22,4,734,735,1050,1041,DL,1710,N906DL,136,126,118,9,-1,SAT,ATL,874,11,7,0,,0
1996,2,10,6,1914,1905,2126,2120,WN,506,N607,72,75,64,6,9,ELP,AUS,528,4,4,0,,0
1996,2,18,7,2138,2130,2255,2249,US,1490,N775AU,77,79,53,6,8,PIT,BDL,406,6,18,0,,0
1996,2,29,4,850,850,1049,1022,CO,1035,N77215,179,152,132,27,0,EWR,B,748,7,40,0,,0
1996,2,29,4,2235,2235,16,15,DL,1778,N134DL,101,100,84,1,0,CVG,BOS,752,5,12,0,,0
1996,2,18,7,1631,1630,1938,1946,AA,1278,N597AA,127,136,103,-8,1,ORD,BOS,867,9,15,0,,0
1996,2,23,5,,1325,,1552,UA,540,UNKNOW,,87,,,,ORD,BUF,473,0,0,1,,0
1996,2,16,5,,1520,,1633,US,898,UNKNOW,,73,,,,CLT,BWI,361,0,0,1,,0
1996,2,10,6,1006,1007,1053,1055,DL,2009,N947DL,47,48,32,-2,-1,ATL,CAE,191,3,12,0,,0
1996,2,26,1,1550,1550,1916,1923,CO,1994,N33817,146,153,121,-7,0,IAH,CLE,1091,15,10,0,,0
1996,2,22,4,610,600,811,810,US,1071,N413US,121,130,105,1,10,BOS,CLT,728,4,12,0,,0
1996,2,28,3,644,643,802,755,US,541,N574US,78,72,61,7,1,JAX,CLT,329,6,11,0,,0
1996,2,28,3,853,855,1011,1008,US,487,N970VJ,78,73,54,3,-2,SDF,CLT,336,15,9,0,,0
1996,2,21,3,2224,2055,41,2310,WN,321,N522,77,75,64,91,89,STL,CMH,410,3,10,0,,0
1996,2,23,5,1105,1055,1208,1158,DL,715,N924DL,63,63,48,10,10,GRR,CVG,268,4,11,0,,0
1996,2,1,4,1410,1410,1931,1922,DL,826,N614DL,201,192,154,9,0,SLC,CVG,1449,26,21,0,,0
1996,2,14,3,1153,1145,1230,1230,WN,324,N130,37,45,29,0,8,OKC,DAL,181,2,6,0,,0
1996,2,7,3,1257,1256,1648,1643,DL,678,N908DA,171,167,147,5,1,DFW,DCA,1192,11,13,0,,0
1996,2,20,2,,1524,,1828,TW,30,N54334,,124,,,,STL,DCA,719,0,0,1,,0
1996,2,27,2,733,735,851,859,CO,667,N16301,138,144,119,-8,-2,IAH,DEN,861,5,14,0,,0
1996,2,23,5,1310,1310,1443,1455,HP,494,N634AW,93,105,76,-12,0,PHX,DEN,602,3,14,0,,0
1996,3,10,7,835,830,1017,1023,UA,1063,N395UA,102,113,88,-6,5,DEN,PHX,602,4,10,0,,0
1996,3,2,6,2135,2130,2331,2335,WN,252,N81,56,65,50,-4,5,LAX,PHX,370,2,4,0,,0
1996,3,23,6,2305,2305,101,105,TW,462,N956U,56,60,45,-4,0,SAN,PHX,304,2,9,0,,0
1996,3,16,6,1008,1004,1145,1135,DL,312,N294WA,97,91,69,10,4,ATL,PIT,526,6,22,0,,0
1996,3,19,2,141,1920,244,2049,US,1881,N271AU,63,89,48,355,381,EWR,PIT,319,5,10,0,,0
1996,3,29,5,,955,,1109,US,1488,UNKNOW,,74,,,,RIC,PIT,259,0,0,1,,0
1996,3,4,1,1158,1150,1318,1314,US,870,N864US,80,84,68,4,8,PIT,PVD,467,4,8,0,,0
1996,3,6,3,1420,1420,1418,1440,WN,863,N320,58,80,49,-22,0,BOI,RNO,335,2,7,0,,0
1996,3,12,2,1352,1353,1520,1525,DL,205,N631DL,88,92,70,-5,-1,ATL,RSW,515,4,14,0,,0
1996,3,18,1,900,900,1013,1020,WN,1700,N617,73,80,66,-7,0,OAK,SAN,446,2,5,0,,0
1996,3,30,6,929,920,1031,1026,AA,1918,N285AA,62,66,46,5,9,DFW,SAT,247,7,9,0,,0
1996,3,17,7,1850,1845,2036,2026,US,429,N985VJ,106,101,83,10,5,DCA,SDF,474,6,17,0,,0
1996,3,12,2,1829,1833,2110,2106,AS,193,N772AS,161,153,146,4,-4,LAX,SEA,954,4,11,0,,0
1996,3,8,5,1450,1450,1542,1545,DL,1473,N483DA,112,115,90,-3,0,SLC,SEA,689,3,19,0,,0
1996,3,18,1,1157,1200,1424,1407,CO,231,N98876,267,247,241,17,-3,IAH,SFO,1635,6,20,0,,0
1996,3,3,7,1220,1215,1516,1449,UA,691,N588UA,296,274,277,27,5,ORD,SFO,1846,4,15,0,,0
1996,3,19,2,1125,1125,1328,1350,TW,177,N9407R,243,265,228,-22,0,STL,SFO,1736,4,11,0,,0
1996,3,13,3,1720,1720,1830,1835,WN,761,N688,70,75,59,-5,0,S,SJC,342,2,9,0,,0
1996,3,3,7,,845,,1037,DL,1945,N307WA,,172,,,,DFW,SLC,988,0,0,1,,0
1996,3,30,6,1400,1400,1610,1615,WN,1775,N505,70,75,58,-5,0,RNO,SLC,422,2,10,0,,0
1996,3,5,2,1542,1515,1713,1655,WN,1728,N693,91,100,76,18,27,SEA,SMF,605,2,13,0,,0
1996,3,25,1,915,905,1130,1110,DL,1167,N989DL,135,125,113,20,10,CVG,SRQ,812,3,19,0,,0
1996,3,8,5,1715,1718,1918,1912,AA,1854,N2CVAA,123,114,90,6,-3,DFW,STL,551,6,27,0,,0
1996,3,9,6,1630,1630,1733,1743,TW,584,N491SA,63,73,57,-10,0,LNK,STL,370,4,2,0,,0
1996,3,21,4,825,744,928,855,UA,1637,N338UA,63,71,45,33,41,ORD,STL,258,5,13,0,,0
1996,3,9,6,1901,1830,2046,2012,US,834,N919VJ,105,102,81,34,31,CLT,SWF,571,6,18,0,,0
1996,3,3,7,1855,1855,1950,1950,WN,1867,N95,55,55,39,0,0,FLL,TPA,197,5,11,0,,0
1996,3,7,4,1949,1945,2127,2132,UA,589,N7293U,98,107,83,-5,4,DEN,TUS,639,4,11,0,,0
1996,3,9,6,640,640,725,730,WN,1745,N387,105,110,87,-5,0,SLC,LAX,590,7,11,0,,0
1996,3,28,4,1105,1100,1242,1239,DL,712,N499DA,97,99,75,3,5,CVG,LGA,585,9,13,0,,0
1996,3,4,1,601,600,843,900,AA,398,N407AA,102,120,87,-17,1,ORD,LGA,733,4,11,0,,0
1996,3,16,6,1150,1150,1257,1255,WN,71,N332,67,65,55,2,0,DAL,MAF,319,2,10,0,,0
1996,3,2,6,1003,1000,1327,1325,WN,456,N521,144,145,130,2,3,PHX,MCI,1044,2,12,0,,0
1996,3,12,2,742,740,1005,1014,DL,305,N990DL,143,154,128,-9,2,EWR,MCO,938,4,11,0,,0
1996,3,13,3,1515,1515,1633,1630,WN,1263,N662,78,75,63,3,0,B,MDW,395,3,12,0,,0
1996,3,27,3,1817,1800,1832,1827,NW,825,N912RW,75,87,54,5,17,ATL,MEM,332,4,17,0,,0
1996,3,28,4,1128,1130,1257,1250,NW,1297,N769NC,89,80,64,7,-2,VPS,MEM,369,9,16,0,,0
1996,3,10,7,1529,1500,1911,1803,AA,99,N875AA,222,183,168,68,29,JFK,MIA,1090,27,27,0,,0
1996,3,22,5,2007,2003,2113,2129,TW,237,N922L,66,86,51,-16,4,STL,MKE,317,2,13,0,,0
1996,3,24,7,1337,1340,1517,1519,NW,321,N295US,160,159,128,-2,-3,DCA,MSP,931,24,8,0,,0
1996,3,11,1,1901,1905,2023,2031,NW,220,N8944E,82,86,58,-8,-4,MCI,MSP,393,17,7,0,,0
1996,3,18,1,1148,1150,1741,1726,NW,194,N328US,233,216,211,15,-2,SAN,MSP,1532,4,18,0,,0
1996,3,12,2,1035,1030,1132,1125,WN,898,N63,57,55,48,7,5,HOU,MSY,303,2,7,0,,0
1996,3,17,7,1510,1400,1619,1510,WN,1508,N365,69,70,54,69,70,LAX,OAK,337,3,12,0,,0
1996,3,7,4,935,935,1114,1048,CO,1741,N12539,99,73,62,26,0,IAH,OKC,395,4,33,0,,0
1996,3,7,4,1429,1431,1436,1439,HP,630,N184AW,67,68,51,-3,-2,PHX,ONT,325,3,13,0,,0
1996,3,5,2,1901,1830,2103,2012,AA,875,N294AA,182,162,153,51,31,BOS,ORD,867,19,10,0,,0
1996,3,5,2,1303,1305,1620,1624,AA,1112,N587AA,137,139,119,-4,-2,DEN,ORD,888,5,13,0,,0
1996,3,28,4,2033,2022,2124,2115,UA,427,N539UA,111,113,90,9,11,IAD,ORD,589,10,11,0,,0
1996,3,12,2,1450,1450,1611,1612,UA,1460,N9040U,81,82,65,-1,0,MCI,ORD,403,7,9,0,,0
1996,3,16,6,955,955,1054,1105,AA,273,N640AA,119,130,102,-11,0,PHL,ORD,678,8,9,0,,0
1996,3,3,7,1918,1850,49,41,UA,152,N530UA,211,231,190,8,28,SFO,ORD,1846,4,17,0,,0
1996,3,8,5,950,900,1019,930,DL,1438,N489DA,29,30,21,49,50,RIC,ORF,75,2,6,0,,0
1996,3,31,7,1949,1940,2201,2153,DL,1876,N531DA,132,133,103,8,9,LAX,PDX,834,2,27,0,,0
1996,3,6,3,845,730,1024,850,US,889,N248US,99,80,59,94,75,BOS,PHL,280,8,32,0,,0
1996,3,6,3,820,625,1056,907,AA,1856,N719AA,96,102,80,109,115,ORD,PHL,678,5,11,0,,0
1996,3,9,6,1805,1805,2052,2050,AA,2040,N549AA,107,105,76,2,0,ABQ,DFW,569,17,14,0,,0
1996,3,29,5,706,705,841,846,AA,1591,N2DCAA,155,161,134,-5,1,DAY,DFW,861,7,14,0,,0
1996,3,29,5,757,800,854,906,CO,1774,N69523,57,66,41,-12,-3,IAH,DFW,224,4,12,0,,0
1996,3,13,3,1239,1240,1428,1435,DL,877,N404DA,169,175,147,-7,-1,MIA,DFW,1121,6,16,0,,0
1996,3,7,4,751,750,950,952,AA,1873,N722AA,179,182,162,-2,1,RDU,DFW,1062,4,13,0,,0
1996,3,12,2,1955,1955,2207,2153,TW,655,N937F,132,118,87,14,0,STL,DFW,551,5,40,0,,0
1996,3,28,4,1203,1205,1256,1304,NW,1420,N983US,53,59,32,-8,-2,CMH,DTW,155,13,8,0,,0
1996,3,17,7,1612,1612,1744,1810,NW,1593,N344NW,92,118,75,-26,0,LGA,DTW,501,8,9,0,,0
1996,3,3,7,52,45,613,618,NW,256,N531US,201,213,184,-5,7,PHX,DTW,1671,5,12,0,,0
1996,3,20,3,2102,2010,2150,2100,WN,351,N680,108,110,96,50,52,HOU,ELP,677,3,9,0,,0
1996,3,7,4,1507,1500,1711,1651,DL,948,N629DL,124,111,97,20,7,CVG,EWR,569,8,19,0,,0
1996,3,31,7,725,725,1050,1055,NW,770,N9346,145,150,129,-5,0,MSP,EWR,1008,6,10,0,,0
1996,3,9,6,1607,1600,1648,1637,US,729,N897US,41,37,23,11,7,CLT,FAY,118,6,12,0,,0
1996,3,19,2,1140,1140,1254,1258,UA,1035,N919UA,134,138,122,-4,0,DEN,GEG,836,2,10,0,,0
1996,3,24,7,1735,1735,1938,1940,CO,1092,N14212,123,125,108,-2,0,MIA,GSO,710,2,13,0,,0
1996,3,20,3,700,700,750,755,WN,1,N342,50,55,37,-5,0,DAL,HOU,239,3,10,0,,0
1996,3,2,6,1334,1335,1637,1639,UA,1518,N346UA,123,124,102,-2,-1,ORD,HPN,738,8,13,0,,0
1996,3,2,6,1846,1628,25,2215,DL,1426,N676DL,219,227,194,130,138,SLC,IAD,1827,8,17,0,,0
1996,3,19,2,1148,1150,1337,1346,CO,1749,N73380,169,176,149,-9,-2,DTW,IAH,1076,11,9,0,,0
1996,3,29,5,1900,1855,2139,2130,UA,1431,N981UA,159,155,134,9,5,ORD,IAH,925,4,21,0,,0
1996,3,5,2,1025,1023,1445,1446,UA,1080,N378UA,140,143,116,-1,2,DEN,IND,977,7,17,0,,0
1996,3,16,6,1225,1210,1442,1425,NW,468,N607NW,137,135,113,17,15,DTW,JAX,814,5,19,0,,0
1996,3,30,6,1023,1017,1652,1635,DL,1424,N635DL,269,258,233,17,6,SLC,JFK,1989,16,20,0,,0
1996,3,11,1,1505,1505,1604,1605,UA,2031,N203UA,59,60,43,-1,0,LAX,LAS,236,4,12,0,,0
1996,3,21,4,656,645,754,747,HP,85,N640AW,58,62,46,7,11,SAN,LAS,258,4,8,0,,0
1996,3,31,7,1745,1730,1853,1845,UA,1193,N1829U,128,135,112,8,15,DEN,LAX,862,5,11,0,,0
1996,3,13,3,1248,1250,1403,1358,UA,2214,N917UA,75,68,41,5,-2,LAS,LAX,236,7,27,0,,0
1996,3,20,3,1305,1300,1515,1510,DL,1974,N513DA,130,130,114,5,5,PDX,LAX,834,10,6,0,,0
1996,3,3,7,1333,1330,1611,1615,UA,224,N9017U,98,105,80,-4,3,ORD,ABE,654,3,15,0,,0
1996,3,2,6,702,705,820,830,NW,1518,N914RW,78,85,61,-10,-3,DTW,ALB,488,6,11,0,,0
1996,3,10,7,1341,1335,1624,1622,DL,1055,N120DL,163,167,141,2,6,BOS,ATL,946,6,16,0,,0
1996,3,28,4,1806,1730,2120,2020,DL,586,N111DN,134,110,104,60,36,DFW,ATL,732,9,21,0,,0
1996,3,7,4,734,735,834,839,DL,1461,N672DL,60,64,44,-5,-1,JAX,ATL,270,9,7,0,,0
1996,3,6,3,842,835,1115,1050,DL,684,N102DA,93,75,71,25,7,MSY,ATL,425,7,15,0,,0
1996,3,19,2,600,605,846,912,DL,392,N283WA,106,127,96,-26,-5,SAT,ATL,874,6,4,0,,0
1996,3,16,6,2043,2015,2152,2114,AA,1403,N2BVAA,69,59,33,38,28,DFW,AUS,190,4,32,0,,0
1996,3,13,3,1013,1015,1319,1310,AA,290,N2AXAA,126,115,107,9,-2,ORD,BDL,783,4,15,0,,0
1996,3,27,3,2152,2140,2208,2200,US,698,N890US,76,80,54,8,12,CLT,B,329,7,15,0,,0
1996,3,5,2,1350,1347,1625,1612,DL,686,N782DL,155,145,129,13,3,ATL,BOS,946,7,19,0,,0
1996,3,28,4,2157,2200,620,624,AA,192,N626AA,323,324,296,-4,-3,LAX,BOS,2611,6,21,0,,0
1996,3,31,7,1229,1225,1316,1253,DL,1115,N920DE,107,88,74,23,4,ATL,BTR,449,4,29,0,,0
1996,3,20,3,1751,1750,1854,1853,UA,2137,N381UA,63,63,50,1,1,SFO,BUR,326,2,11,0,,0
1996,3,5,2,1921,1925,2144,2159,AA,448,N871AA,143,154,114,-15,-4,MIA,BWI,946,5,24,0,,0
1996,3,18,1,1140,1140,1241,1246,TW,488,N490SA,61,66,37,-5,0,STL,CID,228,3,21,0,,0
1996,3,31,7,1423,1425,1629,1632,CO,1244,N15255,66,67,50,-3,-2,MKE,CLE,328,4,12,0,,0
1996,3,1,5,1938,1919,2104,2045,US,1852,N898US,86,86,74,19,19,CLE,CLT,430,5,7,0,,0
1996,3,30,6,1619,1610,1749,1747,US,2164,N602AU,90,97,69,2,9,MCO,CLT,468,5,16,0,,0
1996,3,25,1,802,730,1042,1007,US,1872,N935VJ,100,97,77,35,32,STL,CLT,575,5,18,0,,0
1996,3,16,6,1230,1232,1306,1308,UA,1041,N995UA,36,36,16,-2,-2,DEN,COS,72,3,17,0,,0
1996,3,19,2,700,700,810,803,DL,741,N911DL,70,63,55,7,0,GRR,CVG,268,5,10,0,,0
1996,3,10,7,1430,1430,2149,2141,DL,946,N482DA,259,251,235,8,0,SFO,CVG,2036,7,17,0,,0
1996,3,17,7,1505,1505,1559,1605,WN,165,N601,54,60,44,-6,0,MAF,DAL,319,3,7,0,,0
1996,3,29,5,2000,1958,2107,2100,HP,262,N622AW,67,62,50,7,2,CMH,DCA,322,4,13,0,,0
1996,3,28,4,1214,1214,1505,1456,UA,612,N424UA,111,102,84,9,0,ORD,DCA,612,11,16,0,,0
1996,3,17,7,1918,1920,2010,2021,UA,1576,N978UA,112,121,91,-11,-2,DFW,DEN,641,8,13,0,,0
1996,3,3,7,1416,1415,1731,1737,UA,1794,N301UA,135,142,115,-6,1,OAK,DEN,957,8,12,0,,0
1996,3,27,3,1800,1700,2106,2008,UA,1504,N401UA,126,128,103,58,60,S,DEN,846,7,16,0,,0
1996,4,14,7,1845,1830,1936,1930,WN,595,N395,51,60,41,6,15,LAS,PHX,256,4,6,0,,0
1996,4,18,4,952,950,1126,1123,UA,345,N1832U,214,213,196,3,2,ORD,PHX,1440,4,14,0,,0
1996,4,3,3,1515,1515,1650,1650,WN,1154,N351,155,155,143,0,0,TUL,PHX,935,5,7,0,,0
1996,4,16,2,1141,1040,1234,1138,NW,700,N922RW,53,58,38,56,61,DTW,PIT,201,7,8,0,,0
1996,4,19,5,1011,1007,1123,1114,US,506,N442US,72,67,49,9,4,PHL,PIT,267,6,17,0,,0
1996,4,13,6,1655,1655,1830,1842,NW,1446,N767NC,95,107,77,-12,0,DTW,PVD,614,4,14,0,,0
1996,4,14,7,1035,1035,1139,1149,US,1923,N254AU,64,74,45,-10,0,LGA,RIC,292,5,14,0,,0
1996,4,11,4,1444,1445,1519,1523,NW,676,N941N,35,38,18,-4,-1,MSP,RST,76,4,13,0,,0
1996,4,30,2,1800,1800,1912,1920,WN,987,N91,72,80,64,-8,0,OAK,SAN,446,2,6,0,,0
1996,4,9,2,1920,1920,2020,2026,AA,2272,N587AA,60,66,42,-6,0,DFW,SAT,247,4,14,0,,0
1996,4,11,4,1222,1225,1332,1343,NW,1493,N93S,70,78,50,-11,-3,DTW,SDF,306,7,13,0,,0
1996,4,24,3,951,951,1225,1223,AS,305,N955AS,154,152,136,2,0,LAX,SEA,954,2,16,0,,0
1996,4,30,2,850,850,947,945,DL,1947,N541DA,117,115,100,2,0,SLC,SEA,689,5,12,0,,0
1996,4,23,2,1627,1630,1941,1946,AA,35,N303AA,374,376,349,-5,-3,JFK,SFO,2586,4,21,0,,0
1996,4,27,6,1824,1805,1944,1942,UA,2061,N383UA,80,97,68,2,19,PDX,SFO,550,3,9,0,,0
1996,4,5,5,1642,1643,1813,1818,TW,471,N935L,91,95,77,-5,-1,STL,SHV,476,3,11,0,,0
1996,4,9,2,927,930,1318,1320,US,1969,N778AU,231,230,212,-2,-3,BWI,SJU,1565,7,12,0,,0
1996,4,30,2,1311,1315,1525,1533,DL,1898,N660DL,74,78,53,-8,-4,LAS,SLC,368,7,14,0,,0
1996,4,17,3,1030,1030,1256,1254,DL,1957,N308WA,86,84,69,2,0,SMF,SLC,532,3,14,0,,0
1996,4,1,1,1853,1855,2034,2050,NW,205,N316US,281,295,259,-16,-2,DTW,S,1960,4,18,0,,0
1996,4,2,2,830,825,952,940,WN,1565,N312,82,75,66,12,5,BHM,STL,410,2,14,0,,0
1996,4,9,2,822,815,1012,1000,TW,257,N54349,170,165,150,12,7,FLL,STL,1056,7,13,0,,0
1996,4,24,3,1954,1955,2102,2108,NW,945,N959N,68,73,48,-6,-1,MEM,STL,256,9,11,0,,0
1996,4,5,5,1818,1820,1814,1827,TW,371,N417EA,56,67,48,-13,-2,SDF,STL,254,2,6,0,,0
1996,4,11,4,2319,2319,35,25,DL,664,N2821W,76,66,54,10,0,ATL,TPA,406,5,17,0,,0
1996,4,18,4,1849,1850,2206,2219,TW,204,N917TW,137,149,104,-13,-1,STL,TPA,869,3,30,0,,0
1996,4,16,2,,1105,,1154,US,1821,UNKNOW,,49,,,,CLT,TYS,177,0,0,1,,0
1996,4,8,1,2038,2030,2225,2231,DL,578,N920DL,107,121,90,-6,8,ATL,LGA,761,6,11,0,,0
1996,4,4,4,1418,1420,1832,1836,CO,1828,N58606,194,196,175,-4,-2,IAH,LGA,1416,5,14,0,,0
1996,4,13,6,915,915,1016,1010,WN,8,N26,61,55,50,6,0,DAL,LIT,296,3,8,0,,0
1996,4,8,1,809,735,1018,954,US,204,N559AU,189,199,161,24,34,LGA,MCI,1107,5,23,0,,0
1996,4,8,1,851,850,1050,1044,DL,903,N613DL,119,114,101,6,1,CVG,MCO,756,5,13,0,,0
1996,4,12,5,1026,1025,1326,1322,US,1591,N225US,180,177,154,4,1,PVD,MCO,1073,19,7,0,,0
1996,4,2,2,1316,1310,1421,1425,WN,1051,N104,65,75,57,-4,6,OMA,MDW,423,3,5,0,,0
1996,4,6,6,1112,1115,1247,1249,NW,475,N960N,95,94,80,-2,-3,ORD,MEM,491,3,12,0,,0
1996,4,8,1,1653,1645,1953,1946,NW,991,N953N,180,181,160,7,8,DTW,MIA,1145,5,15,0,,0
1996,4,11,4,2001,2005,2217,2230,CO,1863,N27610,136,145,117,-13,-4,IAH,MKE,984,4,15,0,,0
1996,4,5,5,700,700,746,758,NW,707,N920RW,106,118,93,-12,0,CMH,MSP,627,5,8,0,,0
1996,4,4,4,1151,1155,1335,1351,NW,505,N201US,164,176,146,-16,-4,LGA,MSP,1020,5,13,0,,0
1996,4,7,7,1307,1310,1347,1350,NW,774,N926RC,40,40,31,-3,-3,RST,MSP,76,4,5,0,,0
1996,4,18,4,1604,1600,1657,1700,WN,625,N335,53,60,45,-3,4,HOU,MSY,303,2,6,0,,0
1996,4,7,7,1829,1700,1926,1810,WN,1417,N373,57,70,47,76,89,LAX,OAK,337,2,8,0,,0
1996,4,12,5,930,935,1037,1048,CO,1741,N12508,67,73,52,-11,-5,IAH,OKC,395,3,12,0,,0
1996,4,15,1,1605,1605,1723,1711,HP,2632,N147AW,78,66,53,12,0,PHX,ONT,325,4,21,0,,0
1996,4,19,5,1726,1730,1941,1916,AA,1849,N295AA,195,166,139,25,-4,BOS,ORD,867,35,21,0,,0
1996,4,4,4,1800,1757,2115,2115,UA,1216,N368UA,135,138,113,0,3,DEN,ORD,888,11,11,0,,0
1996,4,16,2,1703,1700,1922,1921,UA,1642,N982UA,139,141,128,1,3,IAH,ORD,925,5,6,0,,0
1996,4,21,7,1946,1950,2118,2135,NW,474,N675MC,92,105,79,-17,-4,MEM,ORD,491,4,9,0,,0
1996,4,10,3,1725,1725,2239,2230,HP,8,N902AW,194,185,172,9,0,PHX,ORD,1440,5,17,0,,0
1996,4,20,6,700,700,1248,1248,UA,1076,N7275U,228,228,205,0,0,SMF,ORD,1781,8,15,0,,0
1996,4,23,2,1311,1308,1701,1647,DL,1670,N926DL,170,159,134,14,3,DFW,PBI,1103,4,32,0,,0
1996,4,27,6,1400,1352,1440,1436,AS,516,N940AS,40,44,25,4,8,SEA,PDX,129,2,13,0,,0
1996,4,5,5,2100,2021,101,22,AA,1180,N519AA,181,181,145,39,39,DFW,PHL,1302,5,31,0,,0
1996,4,17,3,1257,1255,1534,1528,US,1028,N823US,157,153,141,6,2,RSW,PHL,992,5,11,0,,0
1996,4,18,4,1400,1400,1511,1502,AA,736,N468AA,71,62,52,9,0,AUS,DFW,190,12,7,0,,0
1996,4,28,7,937,940,1137,1142,NW,691,N3322L,180,182,155,-5,-3,DTW,DFW,987,6,19,0,,0
1996,4,4,4,710,710,1204,1216,DL,1262,N511DA,174,186,153,-12,0,LAX,DFW,1235,6,15,0,,0
1996,4,7,7,1759,1800,2032,2026,AA,2249,N578AA,153,146,111,6,-1,ORD,DFW,802,32,10,0,,0
1996,4,3,3,633,635,1204,1202,AA,1752,N210AA,211,207,181,2,-2,SFO,DFW,1464,11,19,0,,0
1996,4,26,5,1720,1705,1909,1859,DL,1026,N106DA,109,114,89,10,15,ATL,DTW,594,3,17,0,,0
1996,4,20,6,707,710,759,753,NW,484,N720RC,52,43,29,6,-3,GRR,DTW,120,11,12,0,,0
1996,4,18,4,2143,2145,12,14,NW,360,N335NW,89,89,71,-2,-2,MSP,DTW,528,4,14,0,,0
1996,4,2,2,1259,1300,1545,1548,NW,483,N721RW,166,168,145,-3,-1,TPA,DTW,983,9,12,0,,0
1996,4,27,6,603,600,708,716,CO,469,N72830,65,76,46,-8,3,BOS,EWR,200,7,12,0,,0
1996,4,15,1,1805,1805,2143,2138,CO,1018,N17614,158,153,135,5,0,MCI,EWR,1092,6,17,0,,0
1996,4,11,4,716,700,1003,935,CO,440,N14871,167,155,151,28,16,TPA,EWR,998,6,10,0,,0
1996,4,21,7,945,945,1035,1040,WN,1750,N378,50,55,35,-5,0,TPA,FLL,197,5,10,0,,0
1996,4,12,5,649,645,820,819,CO,1091,N14335,91,94,66,1,4,EWR,GSO,446,3,22,0,,0
1996,4,19,5,655,655,744,740,WN,8,N394,49,45,37,4,0,CRP,HOU,187,5,7,0,,0
1996,4,5,5,1343,1345,1514,1524,NW,1150,N8950E,91,99,75,-10,-2,DTW,HPN,505,4,12,0,,0
1996,4,27,6,2211,2210,532,551,UA,50,N1849U,261,281,244,-19,1,SFO,IAD,2419,3,14,0,,0
1996,4,18,4,732,738,824,835,DL,1467,N542DA,52,57,33,-11,-6,DFW,IAH,224,5,14,0,,0
1996,4,4,4,621,620,855,851,CO,1693,N70330,214,211,195,4,1,PHL,IAH,1324,6,13,0,,0
1996,4,23,2,1727,1719,1940,1924,AA,462,N221AA,133,125,104,16,8,DFW,IND,762,11,18,0,,0
1996,4,27,6,2042,2045,2343,2354,UA,554,N7276U,121,129,100,-11,-3,ORD,JAX,865,3,18,0,,0
1996,4,11,4,921,915,1124,1136,UA,41,N1828U,303,321,283,-12,6,SFO,KOA,2367,5,15,0,,0
1996,4,2,2,2105,2105,2155,2200,WN,538,N512,50,55,42,-5,0,LAX,LAS,236,3,5,0,,0
1996,4,16,2,840,840,939,925,WN,397,N603,179,165,168,14,0,SAT,LAS,1069,3,8,0,,0
1996,4,25,4,1233,1235,1336,1354,AA,1223,N573AA,183,199,163,-18,-2,DFW,LAX,1235,11,9,0,,0
1996,4,5,5,650,650,750,750,WN,1650,N502,60,60,37,0,0,LAS,LAX,236,10,13,0,,0
1996,4,10,3,2040,2040,2152,2158,UA,2245,N365UA,72,78,59,-6,0,PHX,LAX,370,6,7,0,,0
1996,4,22,1,1813,1815,1927,1927,UA,505,N998UA,74,72,54,0,-2,DEN,ABQ,349,3,17,0,,0
1996,4,4,4,2225,2210,2323,2315,WN,62,N605,58,65,45,8,15,DAL,AMA,324,3,10,0,,0
1996,4,12,5,1719,1705,1832,1814,DL,390,N906DL,73,69,57,18,14,CHS,ATL,259,7,9,0,,0
1996,4,9,2,1501,1500,1801,1723,CO,1419,N37882,180,143,116,38,1,EWR,ATL,745,7,57,0,,0
1996,4,29,1,1614,1600,2010,1827,DL,627,N914DL,236,147,202,103,14,LGA,ATL,761,10,24,0,,0
1996,4,17,3,1607,1605,1748,1742,DL,2073,N902DE,101,97,83,6,2,ORF,ATL,516,11,7,0,,0
1996,4,4,4,913,910,1059,1036,DL,1188,N917DE,106,86,90,23,3,SRQ,ATL,445,8,8,0,,0
1996,4,19,5,1013,1010,1246,1241,AA,1491,N2CUAA,153,151,144,5,3,ORD,AUS,978,2,7,0,,0
1996,4,3,3,1709,1708,1751,1811,US,955,N924VJ,102,123,93,-20,1,BWI,BHM,682,2,7,0,,0
1996,4,7,7,727,710,825,820,WN,741,N50,58,70,50,5,17,MDW,B,395,2,6,0,,0
1996,4,1,1,1059,1100,1227,1226,US,1862,N405US,88,86,62,1,-1,DCA,BOS,399,7,19,0,,0
1996,4,20,6,1347,1345,1702,1702,UA,388,N7458U,135,137,103,0,2,ORD,BOS,867,16,16,0,,0
1996,4,23,2,1906,1845,2140,1950,US,819,N235US,154,65,47,110,21,PHL,BUF,279,5,102,0,,0
1996,4,25,4,1841,1835,2004,1950,US,872,N476US,83,75,67,14,6,CLT,BWI,361,7,9,0,,0
1996,4,28,7,2143,2132,2250,2245,DL,1882,N306WA,67,73,54,5,11,SLC,BZN,347,3,10,0,,0
1996,4,14,7,1712,1655,1840,1835,CO,1619,N14307,88,100,63,5,17,EWR,CLE,404,2,23,0,,0
1996,4,15,1,1619,1614,1811,1815,US,238,N276AU,112,121,100,-4,5,BDL,CLT,644,3,9,0,,0
1996,4,18,4,631,630,739,742,US,1979,N478US,68,72,51,-3,1,IAD,CLT,321,3,14,0,,0
1996,4,29,1,1640,1520,1725,1608,US,1998,N484US,45,48,32,77,80,RDU,CLT,130,7,6,0,,0
1996,4,10,3,1930,1930,2128,2130,WN,875,N53,58,60,48,-2,0,MDW,CMH,284,3,7,0,,0
1996,4,24,3,2036,2035,2126,2125,DL,1809,N921DL,50,50,37,1,1,CLE,CVG,221,5,8,0,,0
1996,4,17,3,1724,1725,1929,1933,DL,645,N314DA,125,128,108,-4,-1,PVD,CVG,722,6,11,0,,0
1996,4,14,7,2030,2030,2119,2120,WN,60,N689,49,50,42,-1,0,HOU,DAL,239,2,5,0,,0
1996,4,15,1,804,800,942,941,US,358,N937VJ,98,101,75,1,4,BOS,DCA,399,8,15,0,,0
1996,4,3,3,1331,1330,1554,1558,AA,1506,N641AA,143,148,125,-4,1,MIA,DCA,920,3,15,0,,0
1996,4,20,6,1258,1255,1352,1345,DL,1497,N928DL,174,170,161,7,3,CVG,DEN,1069,5,8,0,,0
1996,4,30,2,1605,1550,1649,1646,UA,1165,N7261U,104,116,91,3,15,MSP,DEN,680,3,10,0,,0
1996,4,2,2,1118,1120,1423,1432,UA,1496,N988UA,125,132,112,-9,-2,SMF,DEN,910,5,8,0,,0
1996,5,10,5,1928,1930,2028,2030,HP,1236,N640AW,60,60,44,-2,-2,LAS,PHX,256,6,10,0,,0
1996,5,25,6,1325,1325,1459,1506,AA,239,N552AA,214,221,199,-7,0,ORD,PHX,1440,5,10,0,,0
1996,5,13,1,909,910,1027,1033,TW,169,N54340,198,203,173,-6,-1,STL,PHX,1262,4,21,0,,0
1996,5,27,1,1941,1940,2046,2032,US,1197,N449US,65,52,38,14,1,DAY,PIT,215,16,11,0,,0
1996,5,11,6,,720,,1044,US,1450,UNKNOW,,144,,,,MSY,PIT,918,0,0,1,,0
1996,5,8,3,1052,1054,1109,1113,AS,65,N744AS,17,19,9,-4,-2,WRG,PSG,31,3,5,0,,0
1996,5,17,5,2115,2110,4,2358,TW,608,N928L,109,108,85,6,5,STL,RDU,667,3,21,0,,0
1996,5,8,3,950,945,1132,1125,US,1278,N968VJ,102,100,85,7,5,CLT,ROC,573,3,14,0,,0
1996,5,31,5,1926,1930,2024,2030,HP,863,112,58,60,47,-6,-4,LAS,SAN,258,4,7,0,,0
1996,5,2,4,1607,1600,1710,1710,WN,1761,N330,63,70,50,0,7,TUS,SAN,367,2,11,0,,0
1996,5,15,3,1227,1230,1220,1220,NW,688,N930RC,53,50,36,0,-3,DTW,SBN,157,3,14,0,,0
1996,5,18,6,1238,1220,1431,1405,NW,265,N530US,293,285,264,26,18,DTW,SEA,1927,5,24,0,,0
1996,5,21,2,1629,1629,1801,1810,AS,603,N938AS,92,101,80,-9,0,RNO,SEA,564,3,9,0,,0
1996,5,16,4,1913,1720,2101,1854,UA,1653,N301UA,168,154,151,127,113,DEN,SFO,967,6,11,0,,0
1996,5,21,2,1311,1217,1524,1345,UA,2398,N399UA,133,88,115,99,54,LAX,SFO,337,3,15,0,,0
1996,5,31,5,1505,1505,1620,1630,WN,320,N374,75,85,67,-10,0,SAN,SFO,447,2,6,0,,0
1996,5,10,5,1800,1800,1858,1905,WN,1126,N325,58,65,49,-7,0,ONT,SJC,333,3,6,0,,0
1996,5,21,2,1004,1006,1200,1155,DL,1461,N636DL,236,229,211,5,-2,ATL,SLC,1589,5,20,0,,0
1996,5,14,2,649,650,808,807,DL,2038,N308DL,139,137,126,1,-1,OMA,SLC,839,4,9,0,,0
1996,5,6,1,2040,2040,2155,2155,WN,810,N376,75,75,61,0,0,LAX,SMF,373,3,11,0,,0
1996,5,8,3,600,600,720,715,HP,661,N314AW,80,75,57,5,0,PHX,S,338,5,18,0,,0
1996,5,5,7,1902,1825,1934,1853,TW,211,N9402W,92,88,77,41,37,CMH,STL,410,6,9,0,,0
1996,5,5,7,922,910,1019,1005,WN,653,N51,57,55,45,14,12,IND,STL,229,2,10,0,,0
1996,5,19,7,1235,1235,1423,1422,TW,541,N978Z,108,107,88,1,0,MSY,STL,604,9,11,0,,0
1996,5,23,4,1329,1330,1715,1719,TW,138,N918TW,166,169,142,-4,-1,SLC,STL,1156,17,7,0,,0
1996,5,11,6,2022,2025,2220,2216,DL,201,N405DA,118,111,97,4,-3,CVG,TPA,773,3,18,0,,0
1996,5,21,2,1542,1455,1655,1615,WN,875,N687,73,80,64,40,47,HOU,TUL,453,2,7,0,,0
1996,5,3,5,1843,1842,2010,2004,UA,2051,N929UA,87,82,62,6,1,SFO,LAX,337,8,17,0,,0
1996,5,24,5,1331,1330,1431,1429,DL,1835,N474DA,60,59,46,2,1,BOS,LGA,185,3,11,0,,0
1996,5,29,3,1537,1435,1830,1705,DL,1160,N903DE,173,150,133,85,62,MCO,LGA,950,7,33,0,,0
1996,5,21,2,1945,1942,2047,2045,DL,1688,N956DL,62,63,46,2,3,DFW,LIT,304,5,11,0,,0
1996,5,9,4,2318,1945,142,2105,WN,835,N24,144,80,69,277,213,MDW,MCI,405,5,70,0,,0
1996,5,10,5,1041,1045,1243,1255,DL,1805,N900DE,122,130,104,-12,-4,DCA,MCO,759,6,12,0,,0
1996,5,14,2,833,835,1041,1053,US,944,N390US,128,138,104,-12,-2,PIT,MCO,834,4,20,0,,0
1996,5,15,3,2128,2130,2242,2248,NW,1076,N763NC,74,78,54,-6,-2,MSP,MDW,349,4,16,0,,0
1996,5,16,4,1129,1130,1258,1247,NW,820,N203US,89,77,70,11,-1,MSY,MEM,349,3,16,0,,0
1996,5,18,6,2023,2025,2357,4,AA,1158,N731AA,154,159,133,-7,-2,DFW,MIA,1121,4,17,0,,0
1996,5,23,4,1026,1015,1115,1116,US,1039,N980VJ,109,121,95,-1,11,CLT,MKE,651,3,11,0,,0
1996,5,14,2,831,830,1033,1002,NW,189,N320US,182,152,163,31,1,BWI,MSP,936,3,16,0,,0
1996,5,29,3,1431,1430,1718,1708,CO,542,N12327,167,158,144,10,1,IAH,MSP,1034,4,19,0,,0
1996,5,25,6,1714,1715,1902,1908,NW,185,N349NW,168,173,147,-6,-1,PHL,MSP,980,6,15,0,,0
1996,5,31,5,1715,1714,1830,1840,AA,2016,N564AA,75,86,59,-10,1,DFW,MSY,448,3,13,0,,0
1996,5,9,4,1235,1235,1355,1400,WN,692,N352,80,85,67,-5,0,LAS,OAK,407,3,10,0,,0
1996,5,6,1,2035,2035,2148,2152,AS,479,N764AS,73,77,63,-4,0,S,OAK,371,4,6,0,,0
1996,5,16,4,1135,1135,1239,1243,UA,425,N937UA,124,128,111,-4,0,DEN,ONT,819,2,11,0,,0
1996,5,3,5,1005,1005,1056,1111,DL,1920,N375DL,111,126,90,-15,0,ATL,ORD,606,5,16,0,,0
1996,5,20,1,1526,1450,1540,1501,DL,1230,N922DL,74,71,43,39,36,CVG,ORD,264,7,24,0,,0
1996,5,9,4,842,830,1020,947,UA,641,N9015U,158,137,121,33,12,EWR,ORD,719,6,31,0,,0
1996,5,17,5,859,900,1018,1018,AA,313,N520AA,139,138,111,0,-1,LGA,ORD,733,7,21,0,,0
1996,5,22,3,758,800,904,913,UA,1876,N9039U,66,73,50,-9,-2,MSP,ORD,334,7,9,0,,0
1996,5,23,4,1512,1337,2047,1926,UA,252,N529UA,215,229,194,81,95,SAN,ORD,1723,11,10,0,,0
1996,5,13,1,1346,1344,1514,1515,DL,638,N908DE,88,91,68,-1,2,ATL,ORF,516,5,15,0,,0
1996,5,11,6,1320,1320,1416,1425,WN,595,N614,56,65,49,-9,0,GEG,PDX,279,1,6,0,,0
1996,5,11,6,732,730,924,924,US,311,N912VJ,112,114,98,0,2,ATL,PHL,665,3,11,0,,0
1996,5,19,7,701,700,916,925,US,1868,N373US,135,145,117,-9,1,MCO,PHL,861,4,14,0,,0
1996,5,24,5,1710,1710,1729,1730,HP,416,N304AW,139,140,126,-1,0,AUS,PHX,872,3,10,0,,0
1996,5,29,3,1628,1628,1934,1939,AA,1557,N291AA,246,251,227,-5,0,BOS,DFW,1562,9,10,0,,0
1996,5,9,4,705,705,1226,1208,AA,1560,N488AA,201,183,179,18,0,FAT,DFW,1313,9,13,0,,0
1996,5,15,3,1305,1305,1439,1447,AA,580,N2CA,94,102,71,-8,0,MCI,DFW,460,15,8,0,,0
1996,5,22,3,1212,1210,1351,1405,DL,772,N919DL,159,175,142,-14,2,PBI,DFW,1103,7,10,0,,0
1996,5,20,1,1323,1325,1834,1844,AA,2202,N493AA,191,199,167,-10,-2,SJC,DFW,1438,12,12,0,,0
1996,5,19,7,1144,1145,1402,1422,NW,1734,N960N,78,97,65,-20,-1,B,DTW,457,7,6,0,,0
1996,5,18,6,952,955,1131,1137,NW,273,N8929E,99,102,82,-6,-3,HPN,DTW,505,5,12,0,,0
1996,5,20,1,1828,1830,2154,2122,NW,762,N162US,146,112,101,32,-2,MSP,DTW,528,13,32,0,,0
1996,5,12,7,1753,1750,1926,1921,NW,1540,N3312L,93,91,69,5,3,TYS,DTW,443,17,7,0,,0
1996,5,24,5,1504,1500,1630,1620,CO,1217,N17317,86,80,58,10,4,BOS,EWR,200,14,14,0,,0
1996,5,19,7,1319,1300,2108,2112,UA,80,N516UA,289,312,263,-4,19,LAX,EWR,2454,8,18,0,,0
1996,5,4,6,1523,1520,1844,1848,TW,32,N916TW,141,148,127,-4,3,STL,EWR,872,4,10,0,,0
1996,5,25,6,820,820,908,915,WN,1652,N80,48,55,38,-7,0,TPA,FLL,197,3,7,0,,0
1996,5,22,3,1321,1320,1424,1420,CO,1053,N15255,63,60,49,4,1,DCA,GSO,248,4,10,0,,0
1996,5,8,3,1355,1355,1536,1550,WN,360,N619,101,115,93,-14,0,B,HOU,670,2,6,0,,0
1996,5,14,2,1510,1510,1705,1715,WN,759,N73,115,125,97,-10,0,STL,HOU,687,5,13,0,,0
1996,5,21,2,1242,1245,1603,1609,UA,1878,N317UA,141,144,123,-6,-3,MSY,IAD,954,6,12,0,,0
1996,5,17,5,1722,1720,1828,1831,AA,2065,N2CPAA,66,71,40,-3,2,DFW,IAH,224,6,20,0,,0
1996,5,21,2,1642,1645,1754,1802,CO,1926,N43537,72,77,60,-8,-3,OKC,IAH,395,6,6,0,,0
1996,5,2,4,2013,2015,2057,2105,US,1219,N493US,44,50,29,-8,-2,CLT,ILM,185,4,11,0,,0
1996,5,1,3,1523,1521,1633,1625,DL,264,N106DA,70,64,46,8,2,ATL,JAX,270,4,20,0,,0
1996,5,11,6,749,745,1533,1549,UA,300,N577UA,284,304,265,-16,4,SEA,JFK,2421,5,14,0,,0
1996,5,12,7,1200,1200,1257,1310,WN,320,N332,177,190,166,-13,0,HOU,LAS,1235,2,9,0,,0
1996,5,8,3,2315,2315,29,14,HP,352,N311AW,74,59,42,15,0,PHX,LAS,256,26,6,0,,0
1996,5,11,6,1405,1405,1454,1500,WN,789,N388,109,115,97,-6,0,ABQ,LAX,677,6,6,0,,0
1996,5,17,5,1927,1930,2209,2230,AA,29,N304AA,342,360,317,-21,-3,JFK,LAX,2475,4,21,0,,0
1996,5,27,1,1849,1830,2111,2054,AA,41,N5CSAA,262,264,236,17,19,ORD,LAX,1745,15,11,0,,0
1996,5,28,2,1702,1630,1934,1904,UA,1175,N358UA,152,154,132,30,32,SEA,LAX,954,8,12,0,,0
1996,5,21,2,1100,1030,1417,1340,WN,962,N311,137,130,119,37,30,SFO,ABQ,896,3,15,0,,0
1996,5,22,3,1722,1720,1812,1804,DL,1478,N913DL,50,44,31,8,2,AGS,ATL,143,7,12,0,,0
1996,5,1,3,1607,1600,1756,1746,DL,1273,N636DL,109,106,92,10,7,DCA,ATL,547,5,12,0,,0
1996,5,6,1,551,550,731,737,DL,1442,N2811W,40,47,29,-6,1,HSV,ATL,151,4,7,0,,0
1996,5,8,3,2028,2030,2208,2210,DL,362,N1734D,100,100,79,-2,-2,MIA,ATL,595,10,11,0,,0
1996,5,3,5,1755,1755,1954,1958,DL,1620,N915DL,59,63,46,-4,0,PNS,ATL,272,6,7,0,,0
1996,5,25,6,1334,1335,1627,1624,DL,1917,N328DL,113,109,101,3,-1,TUL,ATL,674,4,8,0,,0
1996,5,19,7,1454,1500,1703,1720,NW,1512,N9344,69,80,55,-17,-6,MSP,AZO,426,4,10,0,,0
1996,5,29,3,1502,1500,1545,1546,US,527,N230AU,103,106,92,-1,2,PIT,BHM,598,3,8,0,,0
1996,5,4,6,946,947,1016,1022,US,224,N918VJ,90,95,71,-6,-1,PIT,B,462,5,14,0,,0
1996,5,23,4,1159,1205,1347,1354,NW,382,N321US,108,109,83,-7,-6,DTW,BOS,632,7,18,0,,0
1996,5,21,2,831,830,944,944,US,326,N263AU,73,74,49,0,1,PHL,BOS,280,5,19,0,,0
1996,5,19,7,1639,1635,1738,1730,WN,494,N519,59,55,47,8,4,LAS,BUR,223,3,9,0,,0
1996,5,25,6,1934,1645,2042,1752,HP,246,N324AW,68,67,52,170,169,CMH,BWI,336,7,9,0,,0
1996,5,24,5,1925,1925,2026,2017,DL,1796,N987DL,61,52,32,9,0,ATL,CAE,191,4,25,0,,0
1996,5,17,5,646,650,821,822,CO,1623,N83870,95,92,73,-1,-4,EWR,CLE,404,5,17,0,,0
1996,5,8,3,1358,1357,1545,1549,US,1091,N287AU,107,112,93,-4,1,BDL,CLT,644,7,7,0,,0
1996,5,12,7,912,910,1032,1025,US,1505,N285AU,80,75,60,7,2,IAD,CLT,321,6,14,0,,0
1996,5,11,6,1855,1818,1936,1905,US,426,N897US,41,47,27,31,37,RDU,CLT,130,4,10,0,,0
1996,5,5,7,1355,1355,1614,1605,HP,246,N138AW,139,130,124,9,0,MCO,CMH,802,3,12,0,,0
1996,5,10,5,600,600,809,814,DL,1779,N680DA,129,134,114,-5,0,BOS,CVG,752,5,10,0,,0
1996,5,4,6,1820,1740,1951,1910,DL,2093,N328DL,91,90,77,41,40,ORF,CVG,485,6,8,0,,0
1996,5,4,6,900,900,949,955,WN,12,N510,49,55,41,-6,0,HOU,DAL,239,3,5,0,,0
1996,5,4,6,1429,1259,1647,1510,TW,228,N977Z,78,71,55,97,90,STL,DAY,338,4,19,0,,0
1996,5,16,4,1033,1030,1136,1132,DL,1749,N414DA,63,62,39,4,3,LGA,DCA,214,14,10,0,,0
1996,5,24,5,902,900,1033,1041,UA,1629,N976UA,151,161,137,-8,2,B,DEN,1013,8,6,0,,0
1996,5,3,5,931,930,1229,1249,UA,1192,N988UA,118,139,102,-20,1,LAX,DEN,862,3,13,0,,0
1996,5,31,5,616,610,936,937,UA,404,N530UA,140,147,126,-1,6,SEA,DEN,1024,4,10,0,,0
1996,6,5,3,1810,1740,2037,2006,HP,68,N906AW,327,326,283,31,30,EWR,PHX,2133,4,40,0,,0
1996,6,11,2,1425,1425,1623,1614,HP,2416,N187AW,118,109,102,9,0,OAK,PHX,646,6,10,0,,0
1996,6,1,6,1445,1445,1511,1519,DL,1449,N503DA,86,94,69,-8,0,SLC,PHX,507,4,13,0,,0
1996,6,7,5,1852,1842,1933,1925,US,1457,N921VJ,41,43,29,8,10,CLE,PIT,105,3,9,0,,0
1996,6,6,4,1249,1245,1505,1500,US,1402,N600AU,136,135,111,5,4,MCO,PIT,834,10,15,0,,0
1996,6,27,4,1704,1705,1702,1708,DL,1863,N920DL,58,63,43,-6,-1,ATL,PNS,272,4,11,0,,0
1996,6,14,5,1832,1830,2148,2116,AA,1580,N474AA,136,106,98,32,2,ORD,RDU,647,3,35,0,,0
1996,6,17,1,1214,1215,1258,1301,US,735,N483US,44,46,31,-3,-1,CLT,ROA,155,3,10,0,,0
1996,6,29,6,1717,1710,1919,1923,UA,175,N558UA,302,313,272,-4,7,IAD,SAN,2253,2,28,0,,0
1996,6,3,1,915,915,1029,1035,WN,1552,N337,74,80,66,-6,0,SMF,SAN,480,1,7,0,,0
1996,6,21,5,2150,2140,2241,2233,US,1525,N820US,51,53,36,8,10,CLT,SAV,213,5,10,0,,0
1996,6,16,7,1124,1125,1246,1258,UA,1433,N1810U,142,153,126,-12,-1,DEN,SEA,1024,3,13,0,,0
1996,6,9,7,19,2205,227,19,UA,537,N919UA,248,254,224,128,134,ORD,SEA,1721,4,20,0,,0
1996,6,28,5,1402,1405,1502,1515,UA,2410,N302UA,60,70,51,-13,-3,BUR,SFO,326,2,7,0,,0
1996,6,12,3,912,912,1020,1035,UA,2014,N303UA,68,83,55,-15,0,LAX,SFO,337,3,10,0,,0
1996,6,2,7,700,700,821,825,AS,473,N936AS,81,85,65,-4,0,PSP,SFO,421,5,11,0,,0
1996,6,6,4,935,930,1124,1134,CO,1857,N16617,229,244,209,-10,5,IAH,SJC,1608,5,15,0,,0
1996,6,16,7,1921,1915,2159,2154,AA,513,N073AA,158,159,130,5,6,MIA,SJU,1045,5,23,0,,0
1996,6,11,2,1952,1935,2224,2210,WN,1517,N324,92,95,83,14,17,LAX,SLC,590,2,7,0,,0
1996,6,6,4,1100,1100,1206,1210,WN,885,N376,66,70,53,-4,0,BUR,SMF,358,5,8,0,,0
1996,6,19,3,1314,1314,1438,1429,AS,340,N767AS,84,75,70,9,0,OAK,S,371,5,9,0,,0
1996,6,17,1,1835,1720,1939,1830,WN,1780,N93,124,130,116,69,75,BWI,STL,737,3,5,0,,0
1996,6,12,3,920,920,1045,1033,TW,425,N990Z,145,133,128,12,0,IAD,STL,696,2,15,0,,0
1996,6,29,6,1132,1135,1306,1313,NW,597,N956N,94,98,68,-7,-3,MSP,STL,449,7,19,0,,0
1996,6,24,1,1316,1210,1915,1807,TW,204,N912TW,239,237,201,68,66,SFO,STL,1736,4,34,0,,0
1996,6,24,1,2319,2035,128,2252,US,2149,N518AU,129,137,113,156,164,BWI,TPA,842,2,14,0,,0
1996,6,26,3,2025,2024,2146,2131,AA,1933,N893AA,81,67,40,15,1,DFW,TUL,237,2,39,0,,0
1996,6,7,5,1240,1240,1350,1402,UA,2025,N202UA,70,82,54,-12,0,SFO,LAX,337,6,10,0,,0
1996,6,12,3,630,630,725,732,DL,1821,N491DA,55,62,42,-7,0,BOS,LGA,185,1,12,0,,0
1996,6,20,4,1751,1750,2017,2018,DL,492,N911DL,146,148,131,-1,1,MCO,LGA,950,6,9,0,,0
1996,6,28,5,1309,1310,1435,1420,DL,1262,N2812W,86,70,49,15,-1,DFW,LIT,304,5,32,0,,0
1996,6,9,7,1200,1200,1325,1315,WN,846,N691,85,75,61,10,0,MDW,MCI,405,18,6,0,,0
1996,6,5,3,829,830,1045,1045,US,2299,N341US,136,135,120,0,-1,DCA,MCO,759,4,12,0,,0
1996,6,8,6,800,800,1055,1045,DL,199,N783DL,175,165,148,10,0,SJU,MCO,1189,4,23,0,,0
1996,6,1,6,950,950,944,950,WN,276,N27,54,60,43,-6,0,SDF,MDW,271,4,7,0,,0
1996,6,14,5,617,620,753,759,NW,473,N322US,96,99,72,-6,-3,ORD,MEM,491,5,19,0,,0
1996,6,9,7,921,915,1242,1215,NW,997,N675MC,201,180,176,27,6,DTW,MIA,1145,4,21,0,,0
1996,6,5,3,2014,2015,2144,2152,NW,950,N765NC,90,97,77,-8,-1,MEM,MKE,556,4,9,0,,0
1996,6,11,2,1723,1725,1853,1904,NW,839,N916RW,150,159,137,-11,-2,CLT,MSP,930,2,11,0,,0
1996,6,29,6,659,700,1143,1157,NW,710,N508US,164,177,142,-14,-1,LAS,MSP,1300,6,16,0,,0
1996,6,20,4,837,840,1325,1334,NW,110,N286US,168,174,149,-9,-3,PHX,MSP,1276,5,14,0,,0
1996,6,5,3,1245,1245,1344,1345,WN,21,N74,59,60,46,-1,0,HOU,MSY,303,2,11,0,,0
1996,6,1,6,2115,2100,2215,2205,WN,709,N102,60,65,45,10,15,LAX,OAK,337,2,13,0,,0
1996,6,4,2,845,845,930,930,WN,474,N60,45,45,31,0,0,DAL,OKC,181,5,9,0,,0
1996,6,21,5,650,650,807,800,WN,973,N611,77,70,61,7,0,OAK,ONT,361,2,14,0,,0
1996,6,9,7,2214,1947,14,2115,AA,293,N405AA,120,88,91,179,147,B,ORD,409,9,20,0,,0
1996,6,30,7,1457,1500,1547,1553,UA,619,N7298U,110,113,88,-6,-3,DCA,ORD,612,8,14,0,,0
1996,6,18,2,1742,1728,1844,1840,UA,373,N928UA,122,132,110,4,14,HPN,ORD,738,3,9,0,,0
1996,6,21,5,807,803,937,921,AA,251,N553AA,90,78,61,16,4,MCI,ORD,403,12,17,0,,0
1996,6,5,3,634,630,1155,1213,UA,686,N575UA,201,223,183,-18,4,PDX,ORD,1739,4,14,0,,0
1996,6,28,5,632,633,1233,1230,AA,1758,N323AA,241,237,213,3,-1,SFO,ORD,1846,11,17,0,,0
1996,6,20,4,959,1000,1045,1052,US,868,N237US,46,52,36,-7,-1,PHL,ORF,211,2,8,0,,0
1996,6,7,5,710,710,837,844,AS,523,N940AS,87,94,77,-7,0,OAK,PDX,543,3,7,0,,0
1996,6,24,1,2049,1705,2206,1820,US,772,N390US,77,75,62,226,224,CLE,PHL,363,6,9,0,,0
1996,6,21,5,,715,,1005,US,594,UNKNOW,,110,,,,ORD,PHL,678,0,0,1,,0
1996,6,10,1,1346,1345,1520,1513,AA,1117,N580AA,154,148,116,7,1,ATL,DFW,732,20,18,0,,0
1996,6,20,4,1116,1120,1309,1325,AA,1395,N481AA,173,185,152,-16,-4,DCA,DFW,1192,9,12,0,,0
1996,6,4,2,1229,1233,1553,1615,AA,542,N5CWAA,144,162,124,-22,-4,JAC,DFW,1046,8,12,0,,0
1996,6,13,4,917,920,1140,1148,NW,409,N90S,143,148,112,-8,-3,MSP,DFW,852,14,17,0,,0
1996,6,10,1,1443,1445,1940,1931,AA,1820,N5BPAA,177,166,153,9,-2,SAN,DFW,1171,11,13,0,,0
1996,6,22,6,1506,1510,1552,1554,NW,1435,N930RC,46,44,27,-2,-4,MSP,DLH,144,7,12,0,,0
1996,6,14,5,1848,1815,2327,2255,UA,504,N305UA,159,160,137,32,33,DEN,DTW,1123,8,14,0,,0
1996,6,27,4,1102,1105,1256,1310,NW,430,N782NC,54,65,43,-14,-3,MDW,DTW,229,5,6,0,,0
1996,6,3,1,959,1000,1235,1249,NW,1109,N321US,156,169,133,-14,-1,RSW,DTW,1085,9,14,0,,0
1996,6,13,4,1412,1355,1428,1415,WN,1225,N304,76,80,67,13,17,SAT,ELP,496,2,7,0,,0
1996,6,26,3,901,900,1324,1325,CO,274,N17317,203,205,185,-1,1,DFW,EWR,1372,7,11,0,,0
1996,6,18,2,1707,1644,2026,1948,UA,656,N1828U,139,124,114,38,23,ORD,EWR,719,6,19,0,,0
1996,6,28,5,2042,2040,2302,2259,DL,1673,N720DA,140,139,116,3,2,CVG,FLL,932,4,20,0,,0
1996,6,4,2,1706,1705,1806,1810,DL,1504,N331DL,60,65,47,-4,1,ATL,GNV,300,2,11,0,,0
1996,6,8,6,832,830,1050,1053,UA,191,N1846U,318,323,302,-3,2,LAX,HNL,2556,3,13,0,,0
1996,6,15,6,2150,2150,2248,2245,WN,1352,N346,58,55,41,3,0,MSY,HOU,303,2,15,0,,0
1996,6,2,7,1715,1715,1846,1845,NW,1402,N756NW,91,90,60,1,0,DTW,IAD,383,9,22,0,,0
1996,6,15,6,634,635,740,729,CO,1548,N14628,66,54,39,11,-1,CRP,IAH,201,7,20,0,,0
1996,6,1,6,1315,1125,1418,1230,CO,1700,N69348,63,65,50,108,110,MFE,IAH,316,5,8,0,,0
1996,6,12,3,1800,1800,1916,1909,CO,1835,N14839,136,129,107,7,0,TPA,IAH,787,5,24,0,,0
1996,6,12,3,1845,1830,2212,2009,US,645,N814US,207,99,82,123,15,CLT,ISP,575,3,122,0,,0
1996,6,4,2,1346,1300,2236,2124,UA,24,N609UA,350,324,328,72,46,LAX,JFK,2475,11,11,0,,0
1996,6,16,7,2040,2040,2241,2244,US,609,N517AU,301,304,282,-3,0,BWI,LAS,2106,7,12,0,,0
1996,6,1,6,1445,1445,1555,1600,WN,1288,N692,70,75,60,-5,0,OAK,LAS,407,2,8,0,,0
1996,6,28,5,850,850,909,908,DL,1098,N526DA,79,78,59,1,0,SLC,LAS,368,6,14,0,,0
1996,6,13,4,1250,1250,2054,2056,DL,1562,N723DA,304,306,282,-2,0,HNL,LAX,2556,6,16,0,,0
1996,6,5,3,2014,2015,2132,2134,UA,2221,N904UA,78,79,60,-2,-1,OAK,LAX,337,10,8,0,,0
1996,6,13,4,1130,1130,1250,1250,WN,1496,N90,80,80,57,0,0,PHX,LAX,370,15,8,0,,0
1996,6,3,1,928,932,1142,1137,HP,202,N155AW,74,65,48,5,-4,PHX,ABQ,328,11,15,0,,0
1996,6,29,6,2011,2012,2137,2132,AS,56,N740AS,86,80,75,5,-1,OTZ,ANC,549,4,7,0,,0
1996,6,29,6,1344,1335,1437,1443,DL,1245,N906DL,53,68,38,-6,9,CLT,ATL,227,8,7,0,,0
1996,6,19,3,1301,1255,1443,1444,DL,1724,N113DA,102,109,79,-1,6,FLL,ATL,581,6,17,0,,0
1996,6,24,1,1252,1250,1418,1416,DL,633,N790DL,86,86,67,2,2,MCO,ATL,403,13,6,0,,0
1996,6,10,1,2109,2105,2302,2309,US,1103,N977VJ,113,124,96,-7,4,PHL,ATL,665,3,14,0,,0
1996,6,23,7,1359,1355,1554,1600,DL,780,N502DA,115,125,102,-6,4,SYR,ATL,793,4,9,0,,0
1996,6,21,5,905,905,1126,1114,TW,565,N931L,141,129,95,12,0,STL,AUS,722,4,42,0,,0
1996,6,28,5,919,925,1006,1010,DL,1682,N332DL,47,45,34,-4,-6,JAN,BHM,211,3,10,0,,0
1996,6,22,6,1640,1645,1800,1812,AA,572,N2CHAA,80,87,64,-12,-5,ORD,B,409,4,12,0,,0
1996,6,5,3,1421,1414,1857,1850,AA,1928,N531AA,216,216,198,7,7,DFW,BOS,1562,5,13,0,,0
1996,6,5,3,833,830,936,944,US,326,N265AU,63,74,46,-8,3,PHL,BOS,280,5,12,0,,0
1996,6,26,3,2000,2000,2053,2055,WN,289,N513,53,55,39,-2,0,LAS,BUR,223,3,11,0,,0
1996,6,28,5,1921,1905,2048,2031,DL,1883,N670DN,87,86,67,17,16,CVG,BWI,430,4,16,0,,0
